project_id,start_date,end_date,duration_days,budget,spend,team_size,risk_score,satisfaction_rating,high_satisfaction
1,2024-05-10,2024-11-11,185,159594.97,225406.09,11,2,7.02,1
2,2024-12-31,2025-02-06,37,101591.99,72197.59,27,1,10.0,1
3,2024-11-10,2025-04-10,151,114390.25,128456.43,16,5,6.68,0
4,2022-05-02,2022-11-11,193,99337.29,112406.13,15,3,7.15,1
5,2023-04-12,2023-08-09,119,92137.35,113615.77,26,1,7.98,1
6,2022-11-27,2023-05-11,165,120735.26,76252.49,26,5,9.63,1
7,2022-03-29,2022-10-30,215,47943.24,58290.59,15,5,6.76,0
8,2024-05-21,2025-05-01,345,52747.06,74322.32,29,4,6.16,0
9,2022-05-11,2022-12-04,207,175121.41,119027.06,26,4,10.0,1
10,2024-02-09,2024-04-06,57,190300.78,140355.07,17,4,9.22,1
11,2022-12-10,2023-08-16,249,87195.68,128299.3,22,1,8.17,1
12,2024-03-16,2024-05-25,70,68734.04,46806.3,6,1,10.0,1
13,2023-01-21,2023-10-05,257,135919.92,184087.91,25,3,5.47,0
14,2024-08-13,2025-03-22,221,93572.15,92849.57,19,4,8.94,1
15,2022-10-04,2023-03-27,174,24569.54,18359.12,24,5,8.38,1
16,2023-04-05,2023-11-21,230,48107.47,65943.31,22,2,6.63,0
17,2022-01-22,2022-09-20,241,148875.0,140732.32,19,3,9.04,1
18,2022-09-10,2023-05-17,249,138606.31,140660.09,23,1,8.56,1
19,2024-01-18,2024-10-13,269,24877.28,21375.39,27,3,8.86,1
20,2024-05-06,2024-07-20,75,59954.99,65527.86,28,3,8.81,1
21,2023-04-20,2023-06-23,64,61593.46,40868.73,16,3,10.0,1
22,2024-12-18,2025-09-26,282,140940.69,125589.65,17,3,9.45,1
23,2023-05-26,2023-09-14,111,23547.9,34601.57,26,2,6.32,0
24,2023-12-01,2024-09-11,285,38739.54,29369.74,15,4,8.44,1
25,2024-09-02,2025-04-16,226,163984.9,189687.35,9,5,7.07,1
26,2022-07-09,2023-06-06,332,52138.04,43023.79,5,3,9.84,1
27,2024-08-15,2024-09-23,39,137494.3,175095.3,28,3,7.58,1
28,2023-11-18,2024-10-24,341,62872.9,39664.86,7,3,10.0,1
29,2024-08-15,2025-06-26,315,37899.45,55705.41,26,4,5.17,0
30,2023-07-17,2024-04-13,271,63770.99,60824.1,23,1,10.0,1
31,2024-04-11,2025-01-16,280,150008.05,110413.49,27,1,10.0,1
32,2023-10-09,2023-11-12,34,174025.36,99802.98,11,2,10.0,1
33,2022-01-21,2022-06-18,148,169439.58,113483.5,16,1,10.0,1
34,2024-04-20,2025-03-04,318,91493.04,93302.22,19,3,8.48,1
35,2022-06-16,2022-09-18,94,140255.32,117394.15,29,3,9.85,1
36,2023-01-23,2023-07-17,175,56897.17,75609.7,9,3,6.95,0
37,2023-08-24,2024-05-03,253,72766.59,67737.51,19,2,9.77,1
38,2022-11-12,2023-08-07,268,181340.45,135772.18,12,3,9.83,1
39,2022-01-14,2022-08-08,206,22340.35,24957.41,14,1,8.86,1
40,2022-08-30,2023-06-22,296,35391.54,42709.7,20,4,7.29,1
41,2024-02-16,2024-12-23,311,57419.53,38301.23,12,4,9.97,1
42,2023-07-19,2023-10-19,92,24775.8,16540.8,5,5,9.08,1
43,2024-06-16,2025-02-17,246,52658.38,28260.25,16,1,10.0,1
44,2022-04-02,2023-03-12,344,124947.48,154485.32,9,3,7.49,1
45,2024-08-13,2025-06-21,312,95856.42,111558.14,7,4,7.22,1
46,2023-05-24,2023-12-16,206,180680.91,176097.19,5,1,9.35,1
47,2024-02-15,2024-06-21,127,167139.84,224664.43,8,4,5.86,0
48,2022-02-04,2022-06-18,134,81527.12,106447.53,12,3,7.18,1
49,2022-07-25,2022-11-30,128,66696.22,72389.03,7,4,7.85,1
50,2024-10-22,2025-09-27,340,88344.63,120879.42,14,5,5.48,0
51,2024-10-18,2024-11-22,35,126253.09,89114.63,6,5,8.68,1
52,2023-07-20,2024-03-02,226,68251.46,41764.41,15,4,9.53,1
53,2023-12-04,2024-05-14,162,132346.8,101873.9,29,1,10.0,1
54,2023-02-06,2023-11-21,288,93694.1,52195.75,14,1,10.0,1
55,2023-12-31,2024-02-21,52,119368.49,123089.15,25,1,10.0,1
56,2022-06-11,2022-09-01,82,98502.78,141509.65,18,4,5.61,0
57,2022-07-21,2023-01-31,194,73003.84,39374.15,11,1,10.0,1
58,2024-09-22,2025-05-11,231,190721.6,118649.8,6,3,10.0,1
59,2022-09-27,2023-01-17,112,157449.04,149922.82,13,5,7.7,1
60,2024-03-26,2024-09-16,174,45220.37,64840.36,20,3,6.89,0
61,2023-04-01,2023-07-24,114,176324.24,143908.1,17,1,10.0,1
62,2024-10-13,2025-01-28,107,107737.62,108517.08,13,3,8.05,1
63,2022-10-23,2022-11-22,30,181019.4,98035.19,24,1,10.0,1
64,2023-12-21,2024-03-10,80,163973.95,106311.4,8,4,9.92,1
65,2022-12-04,2023-06-24,202,96538.43,143516.94,26,3,4.98,0
66,2024-05-28,2025-01-17,234,24044.48,35228.02,14,4,6.34,0
67,2024-12-12,2025-09-27,289,68361.92,34518.67,26,4,10.0,1
68,2024-03-02,2025-01-13,317,117494.16,170579.41,16,2,7.45,1
69,2022-08-05,2022-10-07,63,134026.08,152671.78,21,1,9.0,1
70,2024-02-03,2024-06-06,124,66419.78,90856.83,18,5,5.98,0
71,2022-07-07,2022-10-16,101,45084.09,43043.58,18,1,10.0,1
72,2023-01-15,2023-03-24,68,170287.44,172943.25,29,5,7.71,1
73,2023-05-08,2023-11-07,183,197192.39,194993.02,6,1,9.89,1
74,2024-11-30,2025-09-05,279,114624.23,133750.92,25,4,7.08,1
75,2022-01-15,2022-07-25,191,50902.27,32559.7,29,3,10.0,1
76,2022-03-06,2022-07-31,147,69015.32,36576.3,24,3,10.0,1
77,2023-06-05,2024-03-19,288,23310.32,18833.11,15,2,9.79,1
78,2023-10-10,2024-09-09,335,184573.79,222352.49,20,5,7.46,1
79,2024-12-22,2025-10-15,297,41195.19,28912.99,23,5,8.59,1
80,2023-08-16,2023-11-07,83,123772.97,145239.22,27,5,6.71,0
81,2023-01-27,2023-10-19,265,69329.94,101908.91,10,4,5.71,0
82,2023-02-23,2023-11-01,251,119752.04,71120.82,28,5,9.38,1
83,2022-10-16,2023-07-23,280,137255.67,160946.29,23,3,7.89,1
84,2023-01-14,2023-12-22,342,169353.52,159827.42,9,4,8.58,1
85,2022-08-19,2023-01-07,141,57155.83,78197.31,8,1,7.2,1
86,2024-10-14,2025-07-25,284,21979.25,14883.24,19,5,9.16,1
87,2022-02-10,2023-01-08,332,44639.41,53238.12,8,5,6.0,0
88,2024-11-17,2025-07-11,236,182003.36,243541.48,24,1,8.2,1
89,2022-05-15,2023-01-28,258,177300.21,256130.4,14,5,5.37,0
90,2022-07-20,2022-10-23,95,127534.36,150904.78,28,1,8.62,1
91,2024-02-19,2024-06-02,104,128093.03,127731.14,26,4,8.34,1
92,2024-07-18,2024-11-27,132,139706.6,156170.64,7,3,7.77,1
93,2024-11-22,2025-07-01,221,51566.83,70590.09,9,1,8.11,1
94,2024-12-07,2025-09-14,281,184594.15,197628.3,10,2,8.17,1
95,2023-05-18,2024-01-28,255,95378.69,50587.62,25,1,10.0,1
96,2023-02-11,2023-12-31,323,88964.94,127304.26,26,5,5.07,0
97,2024-03-15,2025-02-13,335,113405.19,134898.51,12,4,6.2,0
98,2022-04-09,2022-08-14,127,28453.87,33476.36,11,4,6.95,0
99,2023-11-15,2024-09-25,315,49931.01,35734.38,25,1,10.0,1
100,2023-12-27,2024-12-25,364,152846.05,177131.07,14,3,7.54,1
101,2024-08-18,2025-07-21,337,34903.76,31199.23,10,2,9.65,1
102,2023-09-05,2024-06-09,278,128567.38,148011.01,18,4,7.79,1
103,2023-10-05,2024-04-17,195,64162.84,38920.73,8,5,9.37,1
104,2024-10-25,2025-10-24,364,90073.21,104290.84,29,5,6.36,0
105,2023-05-18,2023-07-16,59,71964.87,107905.11,17,3,5.44,0
106,2024-02-06,2024-11-08,276,84021.09,46061.37,24,4,10.0,1
107,2023-02-02,2023-06-17,135,149428.26,220731.57,21,1,6.17,0
108,2024-05-20,2024-08-08,80,73481.91,66641.33,27,5,7.6,1
109,2024-03-05,2024-06-23,110,121952.84,167167.28,11,3,7.27,1
110,2023-01-28,2023-07-09,162,105689.07,135534.13,8,4,6.18,0
111,2022-07-26,2023-06-05,314,139460.81,148806.95,18,4,7.98,1
112,2024-11-04,2025-04-20,167,188629.35,233607.87,7,4,6.19,0
113,2024-06-10,2025-01-09,213,151862.98,209345.48,28,4,6.99,0
114,2024-05-13,2025-05-07,359,58689.27,53063.34,9,4,9.4,1
115,2024-01-13,2024-11-10,302,25612.96,21182.77,20,5,8.66,1
116,2023-07-18,2023-10-24,98,67207.53,78471.07,27,3,8.66,1
117,2024-10-17,2024-12-19,63,127114.03,166245.57,24,4,6.64,0
118,2022-04-06,2023-01-22,291,29256.65,36930.23,8,2,8.07,1
119,2023-04-30,2023-07-21,82,109345.92,141910.63,28,2,8.14,1
120,2022-08-19,2023-04-10,234,127431.71,119222.98,28,3,8.91,1
121,2024-01-19,2024-06-22,155,80163.9,105642.73,6,1,7.13,1
122,2023-06-25,2024-03-15,264,158764.2,98466.99,22,1,10.0,1
123,2024-11-25,2025-02-05,72,39187.69,40931.11,23,1,9.04,1
124,2023-06-09,2024-03-04,269,33524.8,16955.46,23,2,10.0,1
125,2023-08-01,2023-12-19,140,151073.98,124573.46,21,1,10.0,1
126,2023-11-13,2024-08-17,278,109188.44,94607.58,18,5,8.45,1
127,2023-07-11,2024-01-07,180,143912.43,128970.39,23,4,8.59,1
128,2024-10-09,2025-05-09,212,98268.92,117477.27,26,2,8.34,1
129,2023-10-08,2024-02-09,124,64352.37,57180.82,28,3,8.7,1
130,2024-03-06,2024-04-12,37,167438.42,158847.76,17,3,8.74,1
131,2024-11-17,2025-06-18,213,163894.86,120879.69,16,4,9.74,1
132,2022-07-09,2023-05-15,310,145045.36,126661.12,10,2,10.0,1
133,2023-09-25,2024-05-06,224,68986.12,50171.51,25,1,10.0,1
134,2023-09-20,2024-05-01,224,126241.52,72361.12,8,1,10.0,1
135,2024-08-30,2025-03-02,184,84975.3,93765.88,23,5,7.4,1
136,2023-12-11,2024-04-11,122,36484.77,42621.98,20,5,7.65,1
137,2023-10-11,2024-04-17,189,185116.44,207236.07,17,1,8.57,1
138,2022-11-14,2023-02-12,90,44627.35,42998.19,8,3,9.0,1
139,2023-11-15,2024-04-14,151,191042.72,168076.67,27,3,9.49,1
140,2023-10-26,2024-01-14,80,100281.04,136716.52,21,5,6.41,0
141,2023-03-18,2024-01-18,306,53323.93,54341.45,27,4,7.34,1
142,2023-07-18,2023-08-21,34,117542.17,115095.16,5,1,9.13,1
143,2024-08-09,2024-12-08,121,177130.25,93107.11,22,5,9.88,1
144,2023-11-30,2024-06-16,199,151800.48,127701.82,24,5,8.48,1
145,2022-04-23,2023-04-04,346,165181.01,145391.6,21,1,10.0,1
146,2022-01-02,2022-02-22,51,138581.01,124559.77,19,1,10.0,1
147,2023-10-04,2024-09-23,355,144609.78,156203.49,15,3,8.02,1
148,2022-08-08,2022-09-07,30,172855.22,178663.6,29,4,8.04,1
149,2024-05-04,2024-10-13,162,64940.24,71947.62,26,4,7.61,1
150,2023-01-20,2023-10-09,262,108096.49,136729.44,17,1,9.05,1
151,2024-12-12,2025-01-22,41,59817.7,78539.79,5,2,7.52,1
152,2023-12-31,2024-03-15,75,197780.24,240920.67,21,5,6.22,0
153,2022-09-04,2022-11-06,63,189930.68,276448.61,10,5,5.45,0
154,2024-04-15,2024-07-31,107,27096.83,14042.46,8,1,10.0,1
155,2022-07-22,2023-03-26,247,147003.53,102281.82,24,2,9.74,1
156,2022-05-03,2023-03-29,330,186544.7,94683.16,20,3,10.0,1
157,2023-02-05,2023-05-18,102,52503.56,60246.51,19,1,8.71,1
158,2024-02-06,2024-12-13,311,122230.14,170881.47,19,1,7.24,1
159,2022-10-21,2023-07-26,278,184787.89,137386.52,10,5,9.3,1
160,2022-10-07,2022-12-22,76,26110.28,37260.27,19,1,6.97,0
161,2024-06-02,2024-10-30,150,145535.65,81538.88,18,1,10.0,1
162,2022-07-17,2023-03-17,243,73522.82,105463.78,15,1,7.25,1
163,2024-09-08,2025-06-03,268,186391.32,158735.08,11,5,8.3,1
164,2024-01-22,2024-04-16,85,194790.48,117151.05,13,3,10.0,1
165,2022-05-24,2022-10-07,136,189967.97,187284.06,20,3,7.92,1
166,2023-09-01,2024-08-14,348,105358.56,79732.89,9,1,10.0,1
167,2022-07-06,2022-09-21,77,175167.68,137484.37,29,5,9.72,1
168,2023-04-09,2023-07-08,90,172018.89,138869.12,24,3,8.69,1
169,2023-10-22,2023-12-16,55,77438.09,100903.84,14,3,6.96,0
170,2024-02-03,2024-12-20,321,169204.79,175831.07,22,3,8.87,1
171,2024-08-12,2025-05-25,286,26661.37,21630.57,7,5,8.59,1
172,2023-02-07,2023-03-16,37,127328.58,141377.22,17,5,7.29,1
173,2022-05-27,2022-10-16,142,61401.59,74673.59,15,1,7.23,1
174,2024-05-13,2025-02-19,282,41702.04,32220.0,21,4,9.44,1
175,2023-05-04,2023-11-29,209,33851.58,30925.08,26,3,8.55,1
176,2024-07-17,2025-03-10,236,145331.98,90379.94,17,4,10.0,1
177,2023-07-05,2024-06-01,332,81177.49,55293.99,10,5,9.08,1
178,2022-12-04,2023-05-09,156,150458.02,177708.65,21,5,7.73,1
179,2024-05-21,2024-08-14,85,31764.14,21645.3,17,5,9.37,1
180,2023-10-03,2024-06-02,243,76752.26,78683.61,23,4,7.82,1
181,2023-04-18,2023-05-31,43,117108.43,141589.51,25,5,5.7,0
182,2022-05-31,2022-07-27,57,162330.17,98514.43,23,1,10.0,1
183,2022-09-20,2023-01-05,107,77375.45,82583.76,14,5,7.58,1
184,2022-05-24,2023-01-24,245,132660.45,100365.96,7,2,10.0,1
185,2022-12-12,2023-06-13,183,179475.99,262560.25,18,4,5.43,0
186,2023-09-16,2023-10-29,43,130855.37,128702.23,23,2,8.8,1
187,2024-10-13,2025-05-17,216,61932.71,80883.66,9,5,6.24,0
188,2024-05-30,2025-05-06,341,24392.14,25617.27,9,1,9.63,1
189,2022-01-02,2022-02-07,36,176617.8,95976.33,24,3,10.0,1
190,2024-06-15,2024-07-17,32,23828.49,27001.29,21,5,6.34,0
191,2022-09-11,2023-01-29,140,177446.3,257546.15,25,1,7.51,1
192,2023-03-29,2023-12-21,267,115208.68,126915.24,14,4,7.43,1
193,2024-11-26,2025-08-21,268,189032.19,249369.16,9,2,7.36,1
194,2024-10-11,2025-08-10,303,163780.98,226706.69,8,2,7.28,1
195,2022-01-09,2022-11-28,323,199628.14,145345.21,10,2,10.0,1
196,2024-03-26,2024-12-07,256,83128.13,59190.96,8,4,9.7,1
197,2022-07-27,2022-09-09,44,158093.89,175639.31,11,1,8.42,1
198,2023-02-08,2023-09-17,221,92347.56,84131.26,11,4,8.07,1
199,2022-06-01,2022-10-27,148,106377.61,142531.24,22,2,8.04,1
200,2022-02-23,2022-04-21,57,132950.98,186134.45,7,5,5.39,0
201,2023-09-20,2024-05-08,231,177261.88,151279.08,5,3,9.39,1
202,2023-08-10,2023-10-17,68,197135.02,145262.99,28,4,9.84,1
203,2022-04-14,2023-02-10,302,158289.21,202693.37,29,4,6.83,0
204,2022-09-11,2023-05-29,260,95198.02,73760.0,8,1,10.0,1
205,2023-05-25,2023-09-17,115,95844.26,126764.99,10,1,8.33,1
206,2022-04-09,2022-09-11,155,152764.81,141114.7,13,4,7.32,1
207,2022-06-02,2023-04-27,329,62979.89,73532.16,26,2,7.92,1
208,2024-07-02,2024-08-25,54,39885.34,23753.13,18,3,10.0,1
209,2024-05-27,2024-11-17,174,83831.99,94215.36,16,1,9.57,1
210,2022-12-04,2023-01-15,42,71703.02,68244.62,29,2,9.27,1
211,2024-04-01,2024-11-28,241,73335.46,79686.93,24,5,6.64,0
212,2024-08-14,2024-10-07,54,62049.4,41449.88,28,1,10.0,1
213,2022-06-10,2022-09-15,97,27576.77,34108.98,29,2,8.26,1
214,2024-03-11,2024-06-15,96,23217.31,31640.48,8,2,7.08,1
215,2023-02-02,2023-10-22,262,197790.03,141763.99,25,3,9.91,1
216,2024-03-26,2024-08-11,138,96999.16,57783.81,28,3,10.0,1
217,2023-02-05,2023-07-30,175,89178.8,46697.46,16,5,8.43,1
218,2023-10-02,2024-02-19,140,142336.51,162544.24,14,2,9.29,1
219,2024-11-22,2025-08-06,257,59285.7,65634.84,26,2,8.1,1
220,2023-11-19,2024-04-07,140,190993.01,199911.89,11,3,8.39,1
221,2023-04-05,2023-06-07,63,161542.1,118240.27,7,1,9.99,1
222,2024-08-12,2024-12-30,140,36093.98,32156.34,27,1,9.83,1
223,2023-04-15,2024-02-02,293,95164.54,104155.34,18,4,8.15,1
224,2024-11-11,2025-08-03,265,178241.3,177665.02,28,3,7.56,1
225,2024-01-20,2024-05-11,112,190051.76,282756.26,14,4,6.12,0
226,2022-02-07,2022-04-19,71,104132.27,66273.92,20,3,10.0,1
227,2022-08-18,2022-12-26,130,130414.05,155863.64,20,5,6.77,0
228,2023-07-17,2023-08-21,35,50066.11,45275.72,26,2,9.81,1
229,2023-03-14,2023-10-09,209,198410.35,184164.41,14,5,8.08,1
230,2022-01-27,2022-12-04,311,61700.91,75126.89,29,3,6.98,0
231,2022-08-14,2023-07-29,349,189691.72,226195.26,17,2,7.86,1
232,2024-03-08,2024-11-18,255,136936.4,204207.23,10,1,6.31,0
233,2022-10-11,2023-09-20,344,129392.62,81309.58,16,1,10.0,1
234,2024-05-28,2025-02-10,258,112283.93,67831.81,13,4,10.0,1
235,2024-08-17,2025-07-01,318,61520.57,75322.02,17,3,6.47,0
236,2023-03-29,2023-09-24,179,51775.05,55833.54,8,3,7.73,1
237,2024-10-16,2025-08-18,306,59687.52,46207.73,28,1,10.0,1
238,2024-03-26,2024-11-08,227,53558.89,31033.06,15,5,9.69,1
239,2023-10-21,2024-01-28,99,160325.21,93895.78,24,2,10.0,1
240,2023-07-01,2023-11-19,141,83022.55,115749.28,22,5,5.45,0
241,2024-12-08,2025-01-10,33,30411.68,21040.85,15,5,8.88,1
242,2022-01-17,2023-01-12,360,194438.47,160095.11,29,1,10.0,1
243,2022-06-07,2023-05-20,347,179081.46,130130.69,25,1,10.0,1
244,2023-04-22,2023-08-24,124,186995.41,159880.38,8,1,10.0,1
245,2024-12-05,2025-06-04,181,199083.41,113362.84,22,4,10.0,1
246,2023-06-02,2024-05-07,340,51301.14,52278.93,5,5,7.9,1
247,2022-04-09,2022-09-22,166,91323.56,51836.4,11,3,10.0,1
248,2024-11-26,2025-08-29,276,156482.93,203483.6,10,2,7.1,1
249,2022-10-07,2023-07-06,272,145283.71,106596.41,19,4,9.7,1
250,2023-05-12,2023-07-11,60,47701.26,49609.88,22,3,7.49,1
251,2022-10-29,2023-01-06,69,166849.96,230266.14,28,5,5.65,0
252,2022-06-30,2023-03-15,258,60399.3,69512.19,15,1,8.59,1
253,2023-08-30,2023-11-03,65,60287.17,62274.1,24,5,6.63,0
254,2023-12-01,2024-08-09,252,116655.4,96162.98,28,2,9.41,1
255,2024-09-19,2024-10-24,35,126729.19,105565.66,19,4,8.78,1
256,2022-07-10,2023-06-26,351,124415.52,145502.33,20,4,7.67,1
257,2022-09-10,2023-05-17,249,36467.63,54487.72,11,2,6.2,0
258,2024-09-07,2024-12-20,104,177942.96,206741.1,25,3,8.3,1
259,2024-07-16,2024-08-18,33,67808.01,71726.19,14,3,8.24,1
260,2022-05-08,2023-05-07,364,43312.69,53302.78,16,4,7.5,1
261,2022-01-18,2022-06-30,163,179974.65,173712.54,28,4,7.87,1
262,2023-07-20,2023-12-14,147,192017.27,107557.0,18,1,10.0,1
263,2023-07-24,2023-11-24,123,175182.97,186096.31,29,3,8.37,1
264,2023-11-17,2024-02-16,91,165712.89,241547.3,9,2,6.62,0
265,2023-09-18,2024-04-28,223,137943.56,93153.69,25,3,10.0,1
266,2024-05-03,2025-05-02,364,119154.33,141794.24,22,1,7.45,1
267,2024-08-19,2025-04-08,232,35657.62,24993.63,9,4,10.0,1
268,2022-06-04,2022-07-29,55,93521.58,96872.24,7,4,8.25,1
269,2023-05-05,2023-11-23,202,87083.93,51960.93,27,1,10.0,1
270,2024-02-24,2025-01-18,329,66755.68,63442.66,9,2,8.97,1
271,2022-09-03,2023-02-12,162,150215.62,188695.35,28,4,6.29,0
272,2024-11-28,2025-11-18,355,109257.63,92603.66,21,5,8.58,1
273,2024-01-29,2024-06-24,147,34588.32,40292.34,23,4,7.67,1
274,2023-06-22,2024-06-09,353,59632.98,77251.54,23,5,5.94,0
275,2024-07-09,2025-05-09,304,142986.58,204067.28,29,1,7.92,1
276,2023-02-12,2023-10-11,241,33703.55,24760.05,25,1,10.0,1
277,2023-06-09,2024-02-18,254,173217.24,155777.02,16,4,7.96,1
278,2024-04-07,2024-05-26,49,109126.37,71195.79,29,3,10.0,1
279,2024-06-21,2024-11-10,142,106505.58,158957.82,13,5,5.33,0
280,2022-02-05,2022-07-24,169,126633.4,180705.98,5,2,7.56,1
281,2023-11-16,2024-01-31,76,168442.57,175173.05,22,4,7.37,1
282,2022-01-20,2022-02-19,30,82605.66,110859.55,25,2,6.83,0
283,2022-11-17,2023-03-16,119,142042.91,145019.84,8,4,7.72,1
284,2023-05-27,2023-11-14,171,121831.75,136888.41,14,3,7.47,1
285,2023-02-04,2024-01-19,349,68065.09,40098.81,29,3,10.0,1
286,2023-10-16,2023-12-22,67,178153.4,223630.69,11,3,6.85,0
287,2024-08-29,2025-07-17,322,163536.68,102654.18,26,3,9.78,1
288,2023-04-16,2023-10-01,168,138521.33,183688.65,27,1,7.94,1
289,2024-04-13,2025-04-10,362,173104.71,221925.1,5,1,7.44,1
290,2023-12-28,2024-10-11,288,176112.96,212875.61,21,5,5.56,0
291,2024-05-03,2024-11-09,190,147505.34,79086.52,28,2,10.0,1
292,2022-02-20,2022-09-15,207,170662.4,137063.81,6,4,8.11,1
293,2023-07-29,2023-09-06,39,145544.86,111067.11,15,4,9.57,1
294,2022-05-30,2023-03-16,290,142425.34,122505.22,13,1,9.5,1
295,2022-11-10,2023-04-26,167,131350.05,77186.9,11,4,8.94,1
296,2023-07-24,2024-02-10,201,155489.0,223431.13,26,1,7.17,1
297,2022-11-01,2022-12-13,42,48548.92,51160.96,21,5,7.3,1
298,2023-11-13,2024-05-28,197,178556.74,143831.79,21,2,10.0,1
299,2024-04-17,2024-09-23,159,176931.83,158704.58,6,5,8.1,1
300,2024-12-13,2025-04-05,113,25264.51,23930.61,10,3,8.23,1
301,2024-09-29,2025-09-14,350,168647.02,185611.95,18,3,8.35,1
302,2023-03-20,2024-03-02,348,43196.58,43873.88,10,3,8.9,1
303,2023-09-05,2024-01-13,130,80321.39,114007.54,6,5,4.8,0
304,2024-09-19,2025-09-12,358,153831.49,153364.38,5,4,7.92,1
305,2022-09-21,2023-07-20,302,48936.78,73021.41,14,2,6.4,0
306,2024-12-12,2025-10-02,294,167234.06,226004.28,25,3,6.85,0
307,2024-09-30,2024-12-06,67,169784.15,120293.86,9,3,9.85,1
308,2022-01-05,2022-05-08,123,111344.19,159288.47,6,3,6.31,0
309,2024-02-13,2024-06-16,124,21149.46,13035.82,26,2,10.0,1
310,2024-05-26,2025-04-25,334,71666.86,94417.48,20,3,6.36,0
311,2024-09-18,2024-12-25,98,131046.85,115402.91,29,2,9.97,1
312,2024-06-02,2025-05-15,347,196613.51,270928.37,6,3,7.18,1
313,2022-02-16,2022-11-08,265,133726.43,182945.34,14,5,6.48,0
314,2024-05-16,2025-05-14,363,66764.64,87189.64,6,5,4.9,0
315,2024-04-02,2024-09-15,166,134121.03,173020.21,20,2,7.46,1
316,2024-07-24,2024-11-06,105,117197.37,94306.28,20,5,7.49,1
317,2023-10-18,2023-12-21,64,160372.17,93163.29,23,2,9.88,1
318,2022-09-26,2022-10-26,30,39256.51,35447.85,11,5,8.06,1
319,2023-01-05,2023-11-26,325,156985.02,105733.26,26,5,8.93,1
320,2023-09-28,2024-09-11,349,117427.98,140320.69,16,2,8.18,1
321,2023-10-19,2024-01-16,89,193338.56,163583.7,28,4,9.01,1
322,2022-04-30,2023-04-14,349,81536.99,120316.81,19,5,5.75,0
323,2024-04-10,2025-04-02,357,133871.94,152744.15,12,3,7.82,1
324,2024-12-17,2025-10-09,296,187765.06,248315.64,10,4,7.85,1
325,2024-01-11,2024-09-25,258,38451.75,24321.68,14,2,10.0,1
326,2022-04-27,2023-02-20,299,188701.13,257013.67,7,4,7.11,1
327,2024-03-01,2025-02-09,345,143819.43,204620.13,23,1,6.22,0
328,2024-10-09,2025-08-20,315,32210.67,31793.93,21,1,10.0,1
329,2024-12-17,2025-11-02,320,74173.44,82054.59,11,5,6.88,0
330,2023-09-26,2024-05-25,242,147470.98,186522.74,25,5,5.2,0
331,2023-05-28,2023-12-08,194,32123.11,21677.92,24,3,10.0,1
332,2024-03-12,2024-04-15,34,124790.68,125110.9,8,4,7.84,1
333,2023-07-14,2023-10-29,107,82258.95,73923.08,18,1,10.0,1
334,2023-05-03,2023-08-02,91,131764.79,85169.33,24,5,9.77,1
335,2024-06-15,2024-11-23,161,28233.57,24493.59,26,4,7.92,1
336,2023-12-05,2024-04-01,118,176876.63,100496.4,19,5,10.0,1
337,2023-08-04,2024-04-26,266,195228.01,102653.21,28,5,9.87,1
338,2024-02-29,2024-05-10,71,194398.01,123475.06,12,1,10.0,1
339,2024-05-10,2024-09-05,118,154937.33,226691.15,25,1,7.08,1
340,2022-09-04,2023-07-26,325,43415.52,45565.87,19,5,7.02,1
341,2022-06-03,2023-05-26,357,156487.38,229382.67,26,2,6.68,0
342,2024-09-23,2025-08-13,324,24425.64,22776.86,24,5,7.89,1
343,2023-11-28,2024-04-09,133,23982.24,19469.17,18,5,8.11,1
344,2024-12-28,2025-02-09,43,78249.84,78730.44,13,3,8.22,1
345,2024-12-06,2025-10-19,317,107955.77,101425.71,12,3,8.19,1
346,2024-10-05,2025-05-01,208,158673.34,96102.84,21,3,10.0,1
347,2022-04-04,2022-09-05,154,142993.17,163130.37,6,2,8.63,1
348,2024-08-15,2024-10-06,52,100262.49,71791.77,29,2,10.0,1
349,2024-10-08,2025-01-08,92,69252.8,77534.6,28,5,7.41,1
350,2023-03-29,2023-09-17,172,199482.41,229444.89,7,3,7.66,1
351,2024-06-30,2024-12-29,182,96712.63,63059.04,12,2,10.0,1
352,2022-08-06,2023-01-27,174,101249.66,56836.46,16,1,10.0,1
353,2023-04-19,2023-12-29,254,49452.29,63336.59,5,5,5.76,0
354,2023-03-08,2024-02-09,338,163065.72,156510.55,14,4,8.08,1
355,2022-12-07,2023-04-19,133,144862.8,80857.17,24,5,10.0,1
356,2023-07-05,2023-11-15,133,59738.53,89301.12,7,4,4.95,0
357,2022-12-23,2023-03-01,68,34828.59,19426.71,10,3,10.0,1
358,2022-01-23,2022-09-07,227,142489.87,170280.41,11,4,7.0,1
359,2023-06-06,2023-11-16,163,137812.02,204468.79,24,3,6.43,0
360,2024-03-12,2024-06-16,96,69186.71,51141.44,27,1,10.0,1
361,2024-02-01,2024-08-27,208,191155.44,122769.46,29,4,9.92,1
362,2023-03-18,2023-05-28,71,47190.42,29323.42,22,5,9.21,1
363,2024-02-08,2024-03-23,44,97820.26,78576.58,15,3,9.72,1
364,2024-10-12,2025-03-01,140,189850.87,114109.07,23,5,10.0,1
365,2023-05-31,2023-12-03,186,95550.92,113912.11,9,2,8.03,1
366,2024-11-05,2025-09-19,318,134934.67,75872.66,23,3,10.0,1
367,2024-03-02,2024-11-17,260,91566.99,92429.75,15,4,8.15,1
368,2022-12-02,2023-06-06,186,69358.74,103809.01,28,3,6.04,0
369,2022-09-15,2022-11-21,67,197115.98,259004.54,16,5,5.26,0
370,2023-05-12,2023-09-15,126,93680.12,104473.89,14,1,9.04,1
371,2024-06-14,2025-04-28,318,180937.86,145881.8,12,3,8.8,1
372,2022-06-09,2023-03-19,283,61391.83,68998.02,28,4,7.57,1
373,2024-05-01,2024-12-12,225,58358.85,59936.96,13,2,8.47,1
374,2023-11-21,2024-03-15,115,25604.13,23711.56,8,1,9.89,1
375,2023-01-15,2024-01-01,351,137300.03,86596.55,9,2,10.0,1
376,2024-08-14,2024-09-22,39,86334.74,119712.11,25,3,7.79,1
377,2023-11-22,2023-12-26,34,175584.48,166767.44,12,5,8.12,1
378,2024-12-02,2025-05-03,152,105177.78,73058.85,27,5,9.71,1
379,2022-10-12,2023-10-06,359,194274.82,168583.79,13,4,9.6,1
380,2023-02-01,2023-06-28,147,53394.59,48809.58,19,5,8.17,1
381,2022-01-12,2022-12-01,323,176352.17,234114.19,19,1,8.01,1
382,2023-05-14,2023-11-18,188,159787.43,197116.07,20,5,5.8,0
383,2024-01-24,2024-12-21,332,158765.93,201522.37,18,4,6.6,0
384,2022-02-04,2022-10-19,257,172060.98,87928.54,12,3,10.0,1
385,2023-12-28,2024-08-29,245,156984.32,143821.81,22,3,8.72,1
386,2024-04-28,2024-11-27,213,132719.66,130243.66,14,5,8.53,1
387,2022-03-31,2022-05-14,44,43624.08,22649.29,24,2,10.0,1
388,2024-02-15,2024-08-19,186,25854.71,19644.75,10,3,9.26,1
389,2023-08-28,2024-02-09,165,185752.61,234102.12,16,5,6.89,0
390,2024-08-27,2025-06-13,290,130997.06,83459.5,6,4,10.0,1
391,2024-10-18,2025-04-22,186,163376.71,169145.56,11,5,7.83,1
392,2023-02-22,2023-05-09,76,106674.02,76293.46,20,3,8.92,1
393,2022-04-25,2023-04-13,353,41115.47,21056.09,7,4,10.0,1
394,2023-09-09,2024-09-04,361,42533.44,31525.85,17,5,8.51,1
395,2024-04-05,2024-10-24,202,143401.75,211642.88,7,1,7.51,1
396,2023-02-17,2023-07-26,159,97455.06,126841.38,22,4,7.75,1
397,2023-12-30,2024-05-02,124,56094.45,81874.15,15,1,8.28,1
398,2024-10-17,2025-03-10,144,108487.02,107169.34,12,2,8.57,1
399,2024-01-31,2024-10-29,272,31557.61,19241.82,10,4,9.23,1
400,2023-11-07,2024-09-23,321,124754.85,130738.03,5,1,9.98,1
401,2023-04-02,2024-02-07,311,68418.81,65297.36,5,3,8.8,1
402,2024-07-08,2025-06-01,328,163560.64,219883.9,27,3,6.53,0
403,2022-07-11,2023-05-19,312,75865.15,45373.62,12,2,10.0,1
404,2024-01-09,2024-04-16,98,101939.63,100740.94,9,4,7.98,1
405,2024-09-04,2025-02-28,177,22091.7,14360.68,20,4,10.0,1
406,2024-10-05,2024-11-14,40,33040.44,27247.66,15,4,8.91,1
407,2022-04-06,2023-01-14,283,90648.84,112164.98,9,2,8.17,1
408,2023-10-25,2024-10-18,359,106388.99,103837.58,8,4,7.67,1
409,2022-02-06,2022-04-14,67,128003.7,112116.94,10,3,9.83,1
410,2022-10-06,2023-03-18,163,72499.26,64848.87,18,1,10.0,1
411,2022-08-05,2023-03-22,229,145096.74,139212.6,26,3,9.03,1
412,2024-05-16,2024-07-07,52,174822.03,224649.2,23,3,6.52,0
413,2024-05-22,2025-04-19,332,160373.18,223253.05,13,1,8.39,1
414,2022-03-03,2023-01-28,331,27131.39,39485.25,16,3,6.22,0
415,2023-08-19,2024-04-22,247,106491.25,137043.95,15,2,7.93,1
416,2023-12-30,2024-06-17,170,38887.43,31709.08,18,1,10.0,1
417,2023-02-01,2023-06-14,133,63568.1,75527.47,27,3,7.69,1
418,2023-11-30,2024-07-26,239,197599.27,185269.69,20,5,7.96,1
419,2024-11-08,2025-03-28,140,45649.2,34450.11,5,3,8.32,1
420,2022-06-26,2022-11-06,133,109799.87,147227.53,17,2,7.59,1
421,2023-01-31,2024-01-11,345,131268.03,70678.17,27,4,10.0,1
422,2023-03-21,2023-10-07,200,146443.69,205279.2,25,3,6.76,0
423,2022-03-17,2023-03-05,353,120736.76,116085.67,25,4,7.71,1
424,2022-09-22,2023-03-03,162,21758.75,24744.08,17,5,7.14,1
425,2023-03-31,2024-02-16,322,78763.04,91314.24,6,3,8.23,1
426,2023-12-19,2024-12-10,357,113188.1,157910.73,8,1,7.78,1
427,2024-01-05,2024-06-09,156,35815.97,40710.93,10,4,7.28,1
428,2024-04-30,2024-09-12,135,83112.85,92582.19,27,5,6.81,0
429,2022-05-24,2022-09-22,121,25976.56,14719.67,9,1,10.0,1
430,2024-06-03,2025-04-15,316,34144.13,34772.66,29,1,9.76,1
431,2024-12-28,2025-03-18,80,91446.19,59455.48,7,1,10.0,1
432,2023-01-31,2023-03-30,58,43888.84,54309.53,5,1,8.13,1
433,2024-11-14,2025-10-05,325,122157.35,123650.35,8,3,9.24,1
434,2024-08-05,2025-06-27,326,144103.69,170075.18,29,3,8.42,1
435,2024-06-09,2025-02-07,243,164105.61,88891.56,24,3,10.0,1
436,2023-07-23,2024-05-14,296,56027.04,32764.17,6,5,9.01,1
437,2024-11-28,2025-09-10,286,50146.86,60994.8,9,5,6.28,0
438,2022-04-19,2023-03-16,331,38822.21,22209.58,7,5,10.0,1
439,2024-12-01,2025-04-10,130,134557.44,76866.84,13,2,10.0,1
440,2024-07-23,2024-12-09,139,147165.63,75364.77,24,5,9.91,1
441,2023-02-02,2023-09-01,211,25685.51,37410.98,10,3,5.98,0
442,2023-09-26,2024-09-02,342,188518.2,233292.85,22,3,7.98,1
443,2024-01-03,2024-02-02,30,29354.83,25047.05,10,2,8.9,1
444,2022-08-23,2023-08-06,348,117433.34,93539.83,23,2,10.0,1
445,2023-10-20,2024-01-12,84,147630.89,125442.44,16,5,8.05,1
446,2024-01-21,2024-07-17,178,176774.44,225326.16,29,4,7.36,1
447,2023-08-11,2024-07-14,338,148535.65,172504.94,15,2,8.49,1
448,2024-10-29,2025-04-13,166,164311.05,112585.2,6,1,10.0,1
449,2024-08-11,2025-03-30,231,81101.03,54670.96,19,3,10.0,1
450,2023-05-07,2024-04-13,342,166668.52,99733.72,16,1,10.0,1
451,2024-07-01,2024-11-24,146,34420.67,39938.4,16,3,8.2,1
452,2022-06-19,2022-12-19,183,181067.0,228936.16,13,3,7.06,1
453,2024-08-03,2025-06-19,320,118566.63,90708.98,25,2,10.0,1
454,2024-03-05,2024-06-05,92,167113.6,87056.99,28,2,10.0,1
455,2023-09-26,2024-06-25,273,101417.29,59042.27,6,1,10.0,1
456,2022-01-29,2022-03-24,54,135843.99,199399.96,26,3,6.13,0
457,2022-12-05,2023-04-03,119,114752.48,91279.26,7,1,10.0,1
458,2023-05-15,2023-08-27,104,151686.11,192523.52,16,4,6.41,0
459,2023-05-26,2024-04-13,323,34693.4,39018.4,20,1,8.88,1
460,2022-08-05,2023-04-01,239,30863.38,27219.64,25,5,6.74,0
461,2024-12-29,2025-02-13,46,64478.58,45501.71,28,1,10.0,1
462,2023-03-21,2023-08-25,157,48718.04,30272.73,5,5,10.0,1
463,2024-05-25,2025-03-01,280,176921.04,197269.25,25,5,7.12,1
464,2022-06-16,2023-01-10,208,59458.52,75787.84,7,5,5.47,0
465,2022-04-01,2022-10-29,211,195655.75,223811.44,24,4,6.88,0
466,2023-12-15,2024-06-13,181,80641.24,83084.84,6,1,8.13,1
467,2022-02-08,2022-04-03,54,52781.22,28604.85,13,1,10.0,1
468,2022-06-22,2023-01-17,209,162145.73,238109.18,23,4,5.15,0
469,2023-10-15,2024-05-29,227,138567.4,179959.45,19,3,6.99,0
470,2024-01-24,2024-08-01,190,109675.23,86952.94,22,2,9.96,1
471,2024-12-17,2025-07-11,206,119965.44,177545.29,15,1,7.84,1
472,2023-04-21,2024-02-29,314,149456.32,164683.17,29,2,8.53,1
473,2023-04-01,2023-07-02,92,61121.85,66159.68,27,4,7.99,1
474,2024-04-08,2024-10-04,179,199340.1,248791.03,20,3,7.53,1
475,2024-06-13,2024-12-13,183,195462.77,256402.16,26,3,7.62,1
476,2024-10-21,2025-04-24,185,137058.62,158505.36,21,3,7.6,1
477,2023-01-22,2023-04-10,78,55917.64,35121.63,9,4,10.0,1
478,2022-12-14,2023-04-06,113,142441.08,119403.73,16,5,7.32,1
479,2022-07-09,2023-01-31,206,32995.71,47120.63,15,5,5.79,0
480,2023-05-20,2023-11-13,177,25517.45,18490.34,19,2,9.94,1
481,2024-04-03,2024-08-28,147,66382.92,57896.99,7,5,7.89,1
482,2024-07-17,2024-10-17,92,103272.13,96257.57,5,5,8.12,1
483,2024-07-22,2025-02-25,218,176289.05,165606.81,24,3,9.08,1
484,2022-05-14,2022-07-31,78,150890.43,167931.93,20,3,8.24,1
485,2022-02-27,2023-02-18,356,153687.17,221782.24,6,2,6.09,0
486,2023-11-16,2024-08-28,286,96588.8,71542.62,6,1,10.0,1
487,2023-11-03,2024-07-13,253,82268.3,51129.86,7,2,10.0,1
488,2022-06-22,2022-12-09,170,86786.98,60531.36,12,2,10.0,1
489,2024-03-25,2024-11-24,244,197776.92,274301.74,28,4,6.38,0
490,2022-03-21,2022-11-16,240,27219.65,31188.57,19,4,7.13,1
491,2024-06-04,2025-05-17,347,176065.67,138371.21,11,2,10.0,1
492,2022-07-22,2022-09-21,61,124161.57,163390.04,10,2,6.34,0
493,2024-02-03,2024-08-08,187,98950.78,134708.62,13,2,7.34,1
494,2022-02-16,2022-12-27,314,150546.38,202712.86,24,5,5.88,0
495,2023-10-18,2024-09-16,334,107600.41,152677.08,5,4,5.65,0
496,2023-04-16,2024-02-25,315,177216.18,133309.28,12,2,9.2,1
497,2024-08-28,2025-02-17,173,182126.34,228576.19,27,3,7.12,1
498,2024-11-01,2024-12-19,48,95909.77,92125.12,27,3,8.68,1
499,2024-01-06,2024-02-22,47,69829.0,93710.42,7,5,5.61,0
500,2024-02-23,2024-12-05,286,126623.06,155555.25,8,5,5.44,0
